"DESCRIPTION","DURATION IN MS","NAME","PARENT SUITE","START TIME","STATUS","STOP TIME","SUB SUITE","SUITE","TEST CLASS","TEST METHOD"
"Verifica que la primera cuota del método alemán es mayor que la cuota fija del método francés.","29118","método alemán primera cuota debe ser mayor que el francés","chromium","2026-05-07","passed","2026-05-07","Flujo 4: Validación de Cálculos Financieros","","",""
"Verifica que los productos PRECISO e HIPOTECARIO tienen tasas de interés diferentes.","41337","crédito hipotecario debe tener tasa diferente al crédito PRECISO","chromium","2026-05-07","failed","2026-05-07","Flujo 2: Simulación Crédito HIPOTECARIO VIVIENDA","","",""
"Verifica que la tasa de interés referencial del crédito hipotecario es válida.","20249","debe mostrar tasa de interés referencial para crédito hipotecario","chromium","2026-05-07","passed","2026-05-07","Flujo 2: Simulación Crédito HIPOTECARIO VIVIENDA","","",""
"Verifica que la tasa de interés referencial del crédito PRECISO es válida y positiva.","13146","debe mostrar tasa de interés referencial válida","chromium","2026-05-07","passed","2026-05-07","Flujo 1: Simulación Crédito PRECISO","","",""
"","0","debe mostrar total a pagar mayor que el capital solicitado","chromium","2026-05-07","skipped","2026-05-07","Flujo 1: Simulación Crédito PRECISO","","",""
"","0","debe mostrar tasa de interés referencial válida","chromium","2026-05-07","skipped","2026-05-07","Flujo 1: Simulación Crédito PRECISO","","",""
"Verifica que la cuota mensual calculada con la fórmula francesa se aproxima (±10%) al valor del simulador.","18471","cuota francesa calculada debe aproximarse a la del simulador","chromium","2026-05-07","passed","2026-05-07","Flujo 4: Validación de Cálculos Financieros","","",""
"","48","debe completar simulación exitosa y mostrar cuota mensual","chromium","2026-05-07","skipped","2026-05-07","Flujo 1: Simulación Crédito PRECISO","","",""
"Verifica que al ingresar un monto por debajo del mínimo hipotecario se muestra el mensaje de límite mínimo ($3.000).","16912","debe mostrar límite mínimo para crédito HIPOTECARIO","chromium","2026-05-07","passed","2026-05-07","Flujo 3: Validaciones de Formulario Financiero","","",""
"Verifica que el total a pagar incluye intereses y es mayor al capital solicitado.","12609","debe mostrar total a pagar mayor que el capital solicitado","chromium","2026-05-07","passed","2026-05-07","Flujo 1: Simulación Crédito PRECISO","","",""
"Verifica que al ingresar un monto por debajo del mínimo se muestra el mensaje de límite mínimo ($300).","16639","debe mostrar límite mínimo de monto en la UI","chromium","2026-05-07","passed","2026-05-07","Flujo 3: Validaciones de Formulario Financiero","","",""
"Verifica que el campo de monto muestra el prefijo $ como indicador de moneda.","12422","campos numéricos deben mostrar formato de moneda con prefijo $","chromium","2026-05-07","passed","2026-05-07","Flujo 3: Validaciones de Formulario Financiero","","",""
"Verifica el principio financiero: a mayor monto solicitado, mayor cuota mensual con el mismo plazo.","30059","a mayor monto, mayor debe ser la cuota mensual","chromium","2026-05-07","passed","2026-05-07","Flujo 4: Validación de Cálculos Financieros","","",""
"Verifica que la tasa de interés referencial del crédito PRECISO es válida y positiva.","18185","debe mostrar tasa de interés referencial válida","chromium","2026-05-07","passed","2026-05-07","Flujo 1: Simulación Crédito PRECISO","","",""
"Verifica el principio financiero: a mayor plazo, menor cuota mensual para el mismo monto y tasa.","29317","cuota con plazo mayor debe ser menor que con plazo corto","chromium","2026-05-07","passed","2026-05-07","Flujo 4: Validación de Cálculos Financieros","","",""
"Verifica que el campo de monto rechaza texto y solo acepta valores numéricos.","18880","no debe aceptar texto en campo numérico de monto","chromium","2026-05-07","passed","2026-05-07","Flujo 3: Validaciones de Formulario Financiero","","",""
"Verifica que el botón Simular permanece deshabilitado mientras el formulario esté incompleto.","12375","botón Simular debe estar deshabilitado sin datos completos","chromium","2026-05-07","passed","2026-05-07","Flujo 3: Validaciones de Formulario Financiero","","",""
"Verifica que la tabla de amortización se abre y contiene 12 filas para un plazo de 1 año.","30253","debe mostrar tabla de amortización con filas correctas","chromium","2026-05-07","passed","2026-05-07","Flujo 1: Simulación Crédito PRECISO","","",""
"Verifica que la tabla de amortización se abre y contiene 12 filas para un plazo de 1 año.","17105","debe mostrar tabla de amortización con filas correctas","chromium","2026-05-07","passed","2026-05-07","Flujo 1: Simulación Crédito PRECISO","","",""
"Verifica que al simular un crédito hipotecario se muestra la cuota mensual correctamente.","18571","debe completar simulación exitosa con monto de vivienda y préstamo","chromium","2026-05-07","passed","2026-05-07","Flujo 2: Simulación Crédito HIPOTECARIO VIVIENDA","","",""
"","0","debe mostrar tabla de amortización con filas correctas","chromium","2026-05-07","skipped","2026-05-07","Flujo 1: Simulación Crédito PRECISO","","",""
"Verifica que al simular un crédito PRECISO se muestra la cuota mensual correctamente.","16305","debe completar simulación exitosa y mostrar cuota mensual","chromium","2026-05-07","passed","2026-05-07","Flujo 1: Simulación Crédito PRECISO","","",""
"Verifica que la tabla de amortización hipotecaria contiene 60 cuotas y columnas requeridas.","29686","debe mostrar tabla de amortización con columnas requeridas","chromium","2026-05-07","passed","2026-05-07","Flujo 2: Simulación Crédito HIPOTECARIO VIVIENDA","","",""
"Verifica que el selector de plazo contiene opciones tanto en meses como en años.","13946","selector de plazo debe mostrar opciones en meses y años","chromium","2026-05-07","passed","2026-05-07","Flujo 3: Validaciones de Formulario Financiero","","",""
"Verifica que el total a pagar incluye intereses y es mayor al capital solicitado.","18443","debe mostrar total a pagar mayor que el capital solicitado","chromium","2026-05-07","passed","2026-05-07","Flujo 1: Simulación Crédito PRECISO","","",""
"Verifica que el simulador muestra los métodos Francés y Alemán de amortización.","12526","debe mostrar dos métodos de amortización disponibles","chromium","2026-05-07","passed","2026-05-07","Flujo 3: Validaciones de Formulario Financiero","","",""
"Verifica que al simular un crédito PRECISO se muestra la cuota mensual correctamente.","19218","debe completar simulación exitosa y mostrar cuota mensual","chromium","2026-05-07","passed","2026-05-07","Flujo 1: Simulación Crédito PRECISO","","",""
